{
  "rvec": [
    -0.5349753480155214,
    0.8169394978069718,
    1.5072448127801539
  ],
  "tvec": [
    0.07550177741448835,
    -0.006848043279323603,
    0.10441693437843262
  ]
}