{
  "camera_matrix": [
    [
      937.1384518987244,
      0.0,
      636.148901113533
    ],
    [
      0.0,
      884.022038878419,
      422.3901781816556
    ],
    [
      0.0,
      0.0,
      1.0
    ]
  ],
  "dist_coeffs": [
    [
      0.07994929130530135,
      0.04758675999900327,
      -0.04013555042332606,
      -0.005228657034776396,
      -0.1334157094005971
    ]
  ],
  "rms": 0.7053874039320779,
  "image_size": [
    1280,
    960
  ]
}